Original_SMILES,Reconstructed_SMILES,True_Label,Predicted_Proba
CC(=O)OC1CC2CCC3C(CCC4(C)C3CC([N+]3(C)CCCCC3)C4OC(C)=O)C2(C)CC1[N+]1(C)CCCCC1,CCCCCCC(C)C(C)C(=O)C(C)O)C(C(C)O)C(C)C)C(C)C(C)C)C(C)C(=O)C(C(=O)O)O)C(C(C)O)O)C(C)C(C)O)C(C(C)C)C)C(C(C(C)C)C)C(C)C)C)C(C(C)C)C)C(C)C(C(C)C(C)C)C(C(C)C(C)C)C)C)C(C)C(C)C(C)C)C)C)C(C(C(C)C)C(=O)C)C)C,0,0.6026924
CC(C)(C)NCC(O)COc1nsnc1N1CCOCC1,CC(C)C(=O)O)C(C(=O)O)O)O,1,0.07612238
CC(C)C1CCC(C(=O)NC(Cc2ccccc2)C(=O)O)CC1,CC(C)C(=O)O)C(C(=O)O)O)O,0,0.13550943
CCCCCCOC(=O)N=C(N)c1ccc(NCc2nc3cc(C(=O)N(CCC(=O)OCC)c4ccccn4)ccc3n2C)cc1,CC(C)NC(=O)NC(C(=O)N)NC(C(C(=O)N)N)N)N)NC(C(C(C(=O)N)N)N)N)NC(C(C(=O)N)N)N)N)N)C(C(C(=O)N)N)C(C(C(C(C(=O)N)N)N)N)C(C(C(C(=O)N)N)N)N)C(C(=O)N)N)C(C(C(C(=O)N)N)N)N)N)C(C(C(=O)N)N)N)N)C(C(C(C(C(=O)N)N)N,1,0.37005395
O=C([O-])c1cc(=O)c2c(OCC(O)COc3cccc4oc(C(=O)[O-])cc(=O)c34)cccc2o1,CCCCCCCCCCCCCCCCCCCCCCCCCCCCCCCCCCCCCCCCCCCCCCCCCCCCCCCCCCCCCCCCCCCCCCCCCCCCCCCCCCCCC(=O)C(=O)C(=O)C(=O)C(C)C(C)C)C(C)C)C(C(C)C)C(=O)C(C)C)C(C)C)C(C(C)O)O)C(C)O)C(C)C(C)C(C(C)O)O)C(C(C(C)O)C(=O)O)O)O,0,0.26992944
COc1ccc2c3c1OC1CC(O)C=CC31CCN(C)C2,CCCCCCCCCCCCCCCCCCCCCCCCCCCCCCCCCCCCCCCCCCCCCCCCCCCCCCCCCCCCCCCCCCCCCCCCC(=O)C(=O)CCC(=O)CCCC(C)CCCCCC(=O)C)CCCCCCCCCCCCCCCCCCCCCCCCCCCCCCCCCCCCCCCCCCCCCCCCCCCCCCCCCCCCCCCCCCCCCCCCCCCCCCCCCCCCCCCCCCC,1,0.5615731
COc1ccc2nc(S(=O)Cc3ncc(C)c(OC)c3C)[nH]c2c1,CC(=O)NC(C(=O)NC(=O)NC(=O)NC(=O)NC(=O)NC(=O)NC(C(=O)N)NC(=O)NC(=O)N)N)NC(=O)NC(=O)NC(=O)NC(C(=O)N)NC(=O)N)NC(C(=O)NC(C(=O)N)NC(=O)NC(=O)NC(=O)N)N)NC(C(=O)N)N)NC(C(C(=O)NC(=O)N)N)NC(C(C(=O)N)N)N)N)NC(,1,0.069304176
Cc1c(OCC(F)(F)F)ccnc1CS(=O)c1nc2ccccc2[nH]1,CC(C)NC(=O)NC(=O)NC(=O)NC(C(=O)N)NC(=O)N)NC(C(C(=O)N)N)NC(C(=O)N)N)NC(=O)N)NC(C(=O)N)N)NC(=O)C(C(C(=O)N)N)C(=O)N)C(C(C(=O)N)N)C(C(=O)N)N)C(=O)N)C(C(=O)N)NC(=O)N)C(C(=O)N)NC(=O)C(C(=O)N)C(=O)N)C(C(C(=,0,0.17935216
COCCCOc1ccnc(CS(=O)c2nc3ccccc3[nH]2)c1C,CC(C)C(=O)O)C(C(=O)O)O)O,1,0.053386092
COc1ccnc(CS(=O)c2nc3ccc(OC(F)F)cc3[nH]2)c1OC,CC(C)(=O)NC(=O)NC(=O)NC(=O)NC(=O)NC(=O)NC(=O)NC(C(=O)N)NC(C(=O)N)NC(=O)N)N)NC(=O)NC(=O)NC(=O)NC(C(C(=O)N)N)NC(C(=O)N)N)N)NC(=O)NC(=O)NC(=O)NC(C(=O)N)N)N)NC(=O)NC(C(=O)NC(=O)NC(=O)NC(=O)N)NC(=O)NC(=O),1,0.06328041
CCC1C(=O)OCC1Cc1cncn1C,CC(C)C(=O)NCCCCCCCCCC(=O)NCCCCCC(C(=O)N)CCCCC(CC(=O)N)CCC(C)C(C)C(=O)N)C(C(C)N)C(C)C(=O)C(C)C(C)N)C(C)C)C(C)C(C)C)C(C)C)C(C(C)C)C(C)C)C)C(C(C)C)C)C)C(C(=O)C(C)C(C)C)C(C)C(C(=O)C)C(=O)C(C)C(C(=O)C)C)C,0,0.803553
CCOC(=O)C1=C(C)NC(C)=C(C(=O)OC)C1c1cccc(Cl)c1Cl,CC(C)NC(=O)NC(=O)NC(=O)NC(=O)NC(=O)NC(=O)NC(C(=O)N)N)NC(C(=O)N)N)NC(C(=O)N)N)N)NC(C(=O)N)NC(C(=O)N)NC(=O)N)NC(C(C(=O)N)N)NC(=O)NC(=O)NC(=O)NC(C(=O)N)N)N)NC(=O)N)NC(C(C(C(=O)N)N)N)N)N)NC(=O)NC(C(=O)N),0,0.07692412
CCCC(=O)OCOC(=O)C1=C(C)NC(C)=C(C(=O)OC)C1c1cccc(Cl)c1Cl,CC(C)NC(=O)NC(C(=O)N)NC(=O)NC(C(=O)N)N)NC(C(C(=O)N)N)N)NC(C(C(=O)N)N)N)C(=O)N)NC(C(C(=O)N)N)N)NC(C(C(=O)N)N)C(C(C(=O)N)N)N)C(C(C(=O)N)N)C(C(=O)C(=O)N)N)N)C(=O)N)C(C(=O)N)N)N)C(C(C(=O)N)C(C(C(=O)N)N)N,0,0.1689091
COC(=O)C1=C(C)NC(C)=C(C(=O)OCC(C)C)C1c1ccccc1[N+](=O)[O-],CC(C)(=O)NC(=O)NC(=O)NC(=O)NC(=O)NC(C(=O)N)NC(C(=O)N)N)NC(C(=O)N)NC(=O)N)N)NC(C(=O)N)N)NC(=O)NC(C(C(=O)N)N)NC(C(C(=O)N)N)NC(=O)N)N)N)NC(=O)NC(C(C(C(=O)N)NC(=O)N)N)N)NC(C(=O)N)C(=O)N)NC(C(=O)N)C(=O)N),0,0.04799986
COCCOC(=O)C1=C(C)NC(C)=C(C(=O)OC(C)C)C1c1cccc([N+](=O)[O-])c1,CC(C)(=O)NC(=O)NC(C(=O)N)NC(=O)NC(C(=O)N)NC(C(=O)N)N)NC(C(C(=O)N)N)N)C(C(=O)N)C(=O)N)C(C(C(=O)N)N)C(C(=O)C(C(C(=O)N)N)N)C(=O)N)C(=O)C(C(=O)N)N)C(=O)N)NC(C(=O)N)C(C(=O)N)C(C(=O)N)N)C(=O)C(=O)N)C(C(=O),0,0.03869202
CN[C@@H]1CCc2[nH]c3ccc(C(N)=O)cc3c2C1,CCCCCCC(C)CCCCC(=O)NCCCCCCCCCCCCCCCCCCCCCCCCCCCCCCCC(=O)CCCCCCCCCCCCCCCCC(=O)N)CCCCCC(=O)CCCCCCCCCCCCCCC(=O)CCCCCCCCCCCCCCCCCCCCCCCCCCCCCCCCCCCCCCCC(=O)CCCCCCCCCCCCCCCCCCCCCCC(=O)CCCCCCCCCCCC(=O)CCCC,1,0.8714157
O=c1[nH]cc(F)c(=O)[nH]1,CN(C)c1cccccccccccccccccccccccccccc1,1,0.9281035
O=c1[nH]c2ccccc2n1CCCN1CCC(n2c(=O)[nH]c3cc(Cl)ccc32)CC1,CN(C)CC(=O)NCCCCCCCCCCCC(=O)N)NCCCCCCCCCCCCCCCCCC(=O)N)CCCCCCCCCCCCCC(=O)N)CCCCCCCCCC(=O)N)CC(=O)N)CCC(C(CCCCCCCCCCC(C(=O)N)N)CCCCCCC(CC(=O)N)CCCCCC(=O)N)CCCCCCCCCCCCCCCCCCC(=O)N)N)CCCCCCCCCC(=O)CCCC,1,0.9488146
CCOC(=O)C(CCc1ccccc1)NC1CCc2ccccc2N(CC(=O)O)C1=O,CC(C)C(=O)NCCCCCCCCCCC(=O)NCCCCC(=O)N)CCCCCCCCCCC(=O)CCCC(=O)CCCC(=O)N)C(=O)N)CCCCCCC(C(CCCCC(CC(C)N)C(C(=O)N)CCCC(C(C(=O)N)N)CCCC(=O)CC(CC(=O)CC(C(=O)N)N)CC(CCCCCCCCCCCC(C(=O)C)N)CC(CCC(=O)N)CCCCCCC,0,0.8754343
O=C(O)CN1C(=O)[C@@H](N[C@H](CCc2ccccc2)C(=O)O)CCc2ccccc21,CC(C)c1cccccccccccccccccccccc1,0,0.91478693
COc1ccccc1Oc1c(NS(=O)(=O)c2ccc(C(C)(C)C)cc2)nc(-c2ncccn2)nc1OCCO,CC(C)(=O)NC(=O)NC(=O)NC(=O)NC(C(=O)N)N)NC(C(C(=O)N)N)NC(C(=O)N)N)NC(C(=O)N)N)N)C(C(=O)N)C(=O)C(C(C(=O)N)N)N)C(C(C(=O)N)N)C(C(=O)C(=O)N)N)C(=O)N)C(C(=O)N)NC(=O)N)C(C(=O)N)N)C(C(=O)N)C(C(C(=O)N)C(=O)N),0,0.036675137
Cc1c(C2(c3cc(Br)c(O)c(Br)c3C)OS(=O)(=O)c3ccccc32)cc(Br)c(O)c1Br,CC(C)C(=O)NC(=O)C(=O)NC(C(C(=O)O)O)O)O)O)C(C(C(C(=O)O)O)O)O,0,0.03839146
CC1(C)O[C@@H]2C[C@H]3[C@@H]4CCC5=CC(=O)C=C[C@]5(C)[C@@]4(F)[C@@H](O)C[C@]3(C)[C@]2(C(=O)CO)O1,CCCCCCCCCCCCCCCCCCCCCCCCCCCCCCCCCCCCCCCCCCCCCCCCCCCCCCCCCCCCCCCCCCCCCCCCCCCCCCCCCCCCCCCCCCCCCCCCCCCCCCCCCCCCCCCCCCCCCCCCCCCCCCCCCCCCCCCCCCCCCCCCCCCCCCCCCCCCCCCCCCCCCCCCCCCCCCCCCCCCCCCCCCCCCCCCCCCCCCC,0,0.16180806
CC1(C)OC2CC3C4CC(F)C5=CC(=O)C=CC5(C)C4(F)C(O)CC3(C)C2(C(=O)CO)O1,CCCCCCCCCCCCCCCCCCCCCCCCCCCCCCCC(=O)CCCC(=O)CCCCCCCCCCCCCCCCCCCCCCCCCCCCC(=O)CCCCCCCC(=O)CCCCCCCCCCCCCCCCCCCCCCCCCCCCCCCCCCCCCCCCCCCCCCCCCCCCCCCCCCCCCCCCCCCCCCCCCCCCCCCCCCCCCCCCCCCCCCCCCCCCCCCCCCCCCC,0,0.43374732
CC1(C)OC2CC3C4CC(F)C5=CC(=O)C=CC5(C)C4C(O)CC3(C)C2(C(=O)CO)O1,CCCCCCCCCCCCCCCCCCCCCCCCCCCCCCCC(=O)CC(=O)CCCCCCCCCCCCCCCCCCCCCCCCCCCCCCC(=O)CCCCCCCC(=O)CCCCCCCCCCCCCCC(=O)CCCCCCCCCCCCCCCCCCCCCCCCCCCCCCCCCCCCCCCCCCCCCCCCCCCCCCCCCCCCCCCCCCCCCCCCCCCCCCCCCCCCCCCCCCC,0,0.4389079
CC(=O)N1CCN(c2ccc(OCC3COC(Cn4ccnc4)(c4ccc(Cl)cc4Cl)O3)cc2)CC1,CC(C)C(=O)NCCCCCCCCCCC(=O)NCCCCC(CCC(=O)N)CCCCCCC(=O)N)CCCCCCCCCCC(=O)CC(=O)C(=O)N)CC(C(CCCCC(=O)N)CCC(C(=O)CCCCCC(C(C(=O)N)N)CCCC(=O)CC(CC(=O)CC(C(=O)N)N)CC(CCCCCCCCCCCC(C(=O)C)CC(C(C(=O)N)C(C)C(=O),1,0.8610982
NC(N)=Nc1nc(CSCCC(N)=NS(N)(=O)=O)cs1,CC(=O)NC(C(=O)NC(=O)NC(=O)NC(=O)NC(=O)N)NC(=O)NC(=O)NC(=O)NC(=O)NC(=O)NC(=O)NC(=O)N)NC(=O)N)NC(=O)NC(=O)N)NC(C(=O)NC(C(=O)NC(=O)NC(=O)NC(=O)N)N)N)NC(=O)NC(=O)NC(=O)NC(=O)NC(=O)N)NC(=O)NC(=O)N)NC(=O)N,0,0.03611594
CNC(=C[N+](=O)[O-])NCCSCc1csc(CN(C)C)n1,CC(C)(=O)NC(=O)NC(=O)NC(C(C(=O)N)N)NC(=O)NC(C(=O)N)N)NC(C(C(=O)N)N)N)C(C(=O)C(=O)N)N)C(=O)N)C(C(C(C(=O)N)C(C(C(=O)N)N)C(C(=O)N)N)N)C(=O)C(C(=O)C(=O)N)N)C(C(=O)N)C(C(=O)N)N)C(C(=O)N)C(C(=O)N)N)C(=O)N),0,0.040014613
CCCNS(=O)(=O)Nc1ncnc(OCCOc2ncc(Br)cn2)c1-c1ccc(Br)cc1,CC(=O)Nc1cccccccccccccccccccccccccc1,1,0.70147616
C#CCC(Cc1cnc2nc(N)nc(N)c2n1)c1ccc(C(=O)N[C@@H](CCC(=O)O)C(=O)O)cc1,CC(=O)NC(C(=O)NC(=O)NC(=O)NC(=O)NC(C(=O)N)NC(C(=O)N)N)NC(=O)NC(=O)N)N)NC(=O)NC(=O)NC(=O)NC(C(=O)N)NC(C(C(=O)N)N)N)NC(C(=O)N)NC(C(=O)N)NC(C(=O)N)N)NC(C(=O)N)N)NC(C(C(=O)N)N)N)N)N)NC(C(C(C(=O)N)N)N)N)N,0,0.3596082
C=CC1CN2CCC1CC2C(O)c1ccnc2ccc(OC)cc12,CCCCCCC(=O)N1CCCCCCCCCCCCCCCCCCCCCCCCCCCCCCCCCCCCCCCCCCCCCCCCCCCCCCCC(=O)CCCCCCCCCCCC(=O)CCCCCCCCCCCCC(=O)CCCCCCCCCCCCCCCCCCCCCCCCCCCCCCCCCCCCCCCCCCCCCCCCCCCCCCCCCCCCCCCCCCCCCCCCCCCCCCCCCCCCCCCCCCCCC,1,0.9056049
O=C1NC(c2ccccc2)(c2ccccc2)C(=O)N1COP(=O)([O-])[O-],CN(C)c1cccccccccccccccccccccccccccc1,1,0.931701
O=C1NC(=O)C(c2ccccc2)(c2ccccc2)N1,CN(C)c1cccccccccccccccccccccccccccc1,1,0.91712266
N#Cc1ccc(C(c2ccc(C#N)cc2)n2cncn2)cc1,CC(C)c1cccccccccccccccccccccccc1,1,0.91049963
CCn1ncc(Br)c1C(=O)Nc1cc(C(F)(F)F)ccc1Cl,CC(C)c1cccccccccccccccccccccccccccc1,1,0.7910492
COc1ccc(C2Sc3ccccc3N(CC[NH+](C)C)C(=O)C2OC(C)=O)cc1,CC(C)C(=O)NC(C(=O)N)NC(C(C)N)C(C(C)C(=O)N)N)C(C(=O)N)N)C(C(C(=O)N)N)C(C(=O)N)N)C(C(C(=O)N)N)C(C(C(C(C(=O)C)N)C(=O)N)N)C(C(C(C(C(C(=O)N)N)C(=O)N)C(C(=O)N)N)C(C(C(C(C)N)C(C(C(=O)C)N)C(C(=O)C(C(=O)N)N)N,1,0.6252887
CCCc1nc2c(C)cc(-c3nc4ccccc4n3C)cc2n1Cc1ccc(-c2ccccc2C(=O)O)cc1,CC(C)c1ccccccccccccccccccccccc1,1,0.92683893
CN1C(=O)CN=C(c2ccccc2F)c2cc([N+](=O)[O-])ccc21,CN(C)c1ccccccccccccccccccccccccc1,1,0.5546888
O=C1Nc2ccc(Cl)cc2C(c2ccccc2Cl)=NC1O,CN(C)c1cccccccccccccccccccccccccccc1,1,0.9082747
CN1C(=O)CN=C(c2ccccc2)c2cc(Cl)ccc21,CC(C)c1ccccccccccccccccccccccccc1,1,0.927565
O=C1CN=C(c2ccccc2Cl)c2cc([N+](=O)[O-])ccc2N1,CN(C)c1cccccccccccccccccccccccccccc1,1,0.86637926
CC(C)c1nc(CN(C)C(=O)NC(CCN2CCOCC2)C(=O)NC(CCC(Cc2ccccc2)NC(=O)OCc2cncs2)Cc2ccccc2)cs1,CC(C)C(=O)NCCCC(=O)NCCCC(C(=O)N)CCCC(=O)N)CCC(CC(=O)N)C(C(C)C(=O)N)N)C(C(C(C)N)C(C)C(=O)C(C)C(C(C)C(C)N)C)C)C(C)C)C(C(=O)C(C)C)C)C(=O)C(=O)C(C)C(=O)N)C(=O)C(C(C(C(C)N)C)C(C(=O)C)C(=O)C(C(C(C)C)C)N)C(,1,0.7726893
O=C(Nc1c(Cl)cncc1Cl)c1ccc(OC(F)F)c(OCC2CC2)c1,CN(C)c1cccccccccccccccccccccccccccc1,0,0.92017287
Cc1nnc(C(C)C)n1C1CC2CCC(C1)N2CC[C@H](NC(=O)C1CCC(F)(F)CC1)c1ccccc1,CN(C)c1ccccccccccccccccccccccc2)ccc1,1,0.94088036
C[C@@H](Cc1cc2c(c(C(N)=O)c1)N(CCCO)CC2)NCCOc1ccccc1OCC(F)(F)F,CC(C)C(=O)NCCCCCCCCCCCCC(=O)CCCC(C(=O)O)C(=O)CCC(C)O)O)C(C(C(C)O)O)O)C(C(=O)O)O)C(C(C(C)O)O)O)O,1,0.7373959
O=C(C1CCCCC1)N1CC(=O)N2CCc3ccccc3C2C1,CC(C)CC(=O)NCCCCCCCCCCCCCCCCCCCC(=O)N1CCCCCCCCCCCCCCCCCCCCCCCCCCCCCCCCCCCCCCCCCCCCCCC(=O)CCCC(=O)CCCCC(=O)CCCCCCCCCCCC(=O)CCCCCCCCCCC(=O)CCCCCCCCCCC(=O)CCCCC(=O)CCCCCCCCCCCC(=O)CCCCCCCCCCCCCC(=O)CCCC,0,0.931917
O=C(CCCc1ccccc1)OCC(COC(=O)CCCc1ccccc1)OC(=O)CCCc1ccccc1,CCCCCCCCCCCCCCCCCCCCCCCCCCCCCCCCCCCCCCCCCCCCCCCCCCCCCCCCCCCCCCCCCCCCCCCCC(=O)C(=O)C(=O)C(C(=O)C(C)O)C(C(=O)O)C(C(C)O)O)O)C(C(C(C)O)O)O)C(C(C(C)O)O)O)O)C(C(C(C(C(C(C)O)O)O)O)O)O)O)O,0,0.07298572
COc1ccc2c(c1)c(CC(=O)O)c(C)n2C(=O)c1ccc(Cl)cc1,CC(C)c1ccccccccccccccccccccccc1,0,0.9348022
CO[C@@H]1O[C@@H](COS(=O)(=O)O)[C@H](O[C@@H]2O[C@H](C(=O)[O-])[C@H](OC)[C@@H](O)[C@@H]2OS(=O)(=O)O)[C@@H]([O-])[C@@H]1NOS(=O)(=O)O,CC(C)(=O)NC(=O)NC(=O)NC(C(=O)NC(=O)N)N)NC(C(C(=O)N)N)NC(C(=O)C(=O)N)C(=O)N)N)N)C(C(C(=O)C(=O)C(C(C(=O)N)N)N)C(C(C(=O)N)N)C(C(=O)C(=O)N)C(=O)N)N)C(C(=O)C(C(=O)N)C(=O)N)C(=O)N)C(=O)N)C(C(C(=O)N)C(=O)N),0,0.026206546
O=S(=O)(O)O[C@@H]1[C@@H](OS(=O)(=O)O)[C@H](O[C@@H]2CO[C@@H](O)[C@H](OS(=O)(=O)O)[C@H]2OS(=O)(=O)O)OC[C@H]1O,CC(C)C(=O)O)C(C(=O)O)O)O,0,0.05622229
O=C(O)[C@@H]1O[C@@H](O[C@H]2[C@H](O)[C@@H](NS(=O)(=O)O)[C@@H](O)O[C@@H]2COS(=O)(=O)O)[C@H](OS(=O)(=O)O)[C@@H](O)[C@@H]1O,CC(C)(=O)NC(=O)NC(=O)NC(C(=O)NC(=O)N)N)NC(C(C(=O)N)C(=O)N)N)C(C(C(=O)N)C(=O)N)C(=O)N)C(C(C(=O)N)N)C(C(=O)C(C(C(=O)N)N)C(C(=O)N)N)C(=O)C(=O)N)N)C(=O)C(=O)C(=O)N)C(C(=O)N)C(C(=O)C(=O)N)C(C(=O)N)C(=O)N),0,0.027407698
CNC(=O)c1cnn(-c2nc(N)c3ncn([C@@H]4O[C@H](CO)[C@@H](O)[C@H]4O)c3n2)c1,CC(=O)NC(C(=O)NC(=O)NC(=O)NC(=O)NC(=O)NC(=O)NC(=O)NC(=O)N)NC(=O)NC(=O)NC(=O)NC(=O)NC(=O)NC(C(=O)N)NC(=O)N)N)NC(=O)NC(C(=O)NC(C(=O)N)N)NC(C(=O)N)N)NC(C(=O)N)N)NC(C(C(=O)NC(=O)N)N)NC(C(C(=O)N)N)N)N)NC(,0,0.1725887
CC1OC(OC2C(O)CC(OC3C(O)CC(OC4CCC5(C)C(CCC6C5CC(O)C5(C)C(C7=CC(=O)OC7)CCC65O)C4)OC3C)OC2C)CC(O)C1O,CCCCCCCCCCCCCCCCCCCCCCCCCCCCCCCCCCCCCCCCCCCCCCCCCCCCCCCCCCCCCCCCCCCCCCCCC(=O)C(=O)C(=O)C(C)C(=O)C(C(C)C)C(C)C(C)C)C(C)C)C(C)C(C)C(C)C)C)C(C(C)C)C)C)C(=O)C(C(C)O)C(C)C(C)C(C(=O)C)C(=O)O)C(C(C(=O)O)O)O,0,0.048361618
C=C1C[C@@H]2[C@H](CC[C@]3(C)C(=O)CC[C@@H]23)[C@@]2(C)C=CC(=O)C=C12,CCCCCCCCCCCCCCCCCCCCCCCCCCCCCCCCCCCCCCCCCCCCCCCCCCCCCCCCCCCCCCCCCCCCCCCCCCCCCCCCCCCCC(=O)CCCC(=O)CCCCCCCCCCCCCCCCCCCCCCCCCCCCCCCCCCCCCCCCCCCCCCCCCCCCCCCCCCCCCCCCCCCCCCCCCCCCCCCCCCCCCCCCCCCCCCCCCCCCCC,1,0.627587
CNS(=O)(=O)Cc1ccc2[nH]cc(CCN(C)C)c2c1,CC(C)NC(=O)NC(C(=O)NC(=O)N)NC(C(=O)N)N)NC(C(C(=O)N)N)N)NC(C(C(=O)N)N)C(C(=O)N)N)C(C(=O)N)N)C(=O)N)NC(C(C(C(C(C(=O)N)N)N)N)N)N)C(C(=O)N)C(C(=O)N)N)C(=O)C(C(=O)N)C(C(C(C(C(=O)N)N)N)N)C(C(=O)N)N)C(=O)N),1,0.25467396
CC(C)NCC(O)COc1cccc2[nH]ccc12,CCCCCCCCCCCCCCCCCCCCCCCCCCCCCCCC(=O)C(=O)C(C)C(C)O)C(C(C)O)O)C(C(C(=O)O)O)O)O)C(C(C(C(C(C(=O)O)O)O)O)O)O)O)O,0,0.09809016
COc1ccc2c(c1)c(CC(=O)O)c(C)n2C,CC(C)C(=O)NCCCCCCCCCCCCCCCCCCCCC(=O)CCCC(=O)CCCCC(=O)N)CCCCCCCCCCCC(C(=O)C(C)C(=O)C(C(C)C)C)C(C)C)CC(C)C)C)C(C)C(C)C)C)C(C(C)C)C)C(=O)C)C(C(C)C)C)C(=O)C(C(C(C)C)C)C)C(C)C(C)C)C)C)C(C(C(C)C)C(=O)C)C)C,0,0.778278
COc1cccc2c1C(=O)c1c(O)c3c(c(O)c1C2=O)CC(O)(C(=O)CO)CC3OC1CC([NH3+])C(O)C(C)O1,CCCCCCC(C)C(=O)C(C(=O)O)O)O,1,0.072612464
CC(=O)C1(O)Cc2c(O)c3c(c(O)c2C(OC2CC(N)C(O)C(C)O2)C1)C(=O)c1ccccc1C3=O,CCCCCCC(C)C(=O)C(C)C(=O)O)O)C(C(C(C)O)O)O,0,0.19714896
O=C(CCCN1CCC(O)(c2ccc(Cl)cc2)CC1)c1ccc(F)cc1,CC(C)c1cccccccccccccccccccccc2)ccccccc1,1,0.930314
CC1CC(=O)NN=C1c1ccc(NN=C(C#N)C#N)cc1,CC(C)c1cccccccccccccccccccccccc1,1,0.8678319
O=C1CC(NC(=O)C2CCCCC2)c2ccsc21,CCCCCCC(=O)N1CCCCCCCCCCCCCCCCCCCCCCCCCCCCCCCCCCCCCCCCCCCCCCCCCCCCCCCC(=O)CCCCCCCCCCCC(=O)CCCC(=O)CCCCC(=O)CCCCCCCCCCCC(=O)CCCCCCCCCCC(=O)CC(=O)CCCCC(=O)CCCCCCCCCCCCCCCCCCCCCCC(=O)CCCCCCCCCCCC(=O)CCCC,0,0.88669705
CCCNCC(O)COc1ccccc1C(=O)CCc1ccccc1,CCCCCCCCCCCCCCCCCCCCCCCCCCCCCCCCCCCCCCCC(=O)C(C)C(=O)C(C)C(C)C(C)C)C(=O)C(=O)O)O)C(C(C(C)O)O)O)C(C(C(C(C)O)O)O)O)O)C(C(C(C(C)O)O)O)O,1,0.083262816
CC1OC2(CS1)CN1CCC2CC1,CCCCCCCCCCCCCCCCCCCCCCCCCCCCCCCC(C)C(=O)CCCCCCCCCCCCCCCCCCCCCCCCCCCCCCCCC(=O)CCCCCCCC(=O)CCCCCCCCCCCCCCCCCCCCCCCCCCCCCCCCCCCCCCCCCCCCCCCCCCCCCCCCCCCCCCCCCCCCCCCCCCCCCCCCCCCCCCCCCCCCCCCCCCCCCCCCCCCCCC,0,0.69220674
CN1CC2c3ccccc3Oc3ccc(Cl)cc3[C@@H]2C1,CCCCCCC(=O)N1CCCCCCCCCCCCCCCCCCCCCCCCCCC(=O)CCCCCCCCCCCCCCCCCCCCCCCCCCCC(=O)CCCCCCCCC(=O)CCCC(=O)CCCCC(=O)CCCCCCCCCCCC(=O)CCCCCCCC(=O)CC(=O)CCCCCCCC(=O)CCCCCCCCCCCCCCCCCCCCCCC(=O)CCCCCCCCCCCC(=O)CCCC,1,0.9168605
CCOc1ccc(Cc2cc([C@@H]3O[C@H](CO)[C@@H](O)[C@H](O)[C@H]3O)ccc2Cl)cc1,CCCCCCCCCCCCCCCCCCCCCCCC(=O)C(C)C(=O)C(C)O)C(C(C)O)O)O)C(C(C(C(C)O)O)O)O)O,0,0.07011114
CC12CC3CC(C)(C1)CC(N)(C3)C2,CCCCCCCCCCCCCCCCCCCCCC(C)CC(=O)C(C)C(C)C)C(C)C)C(C)C)C(C)C(C)C)C)C(C(C)C)C)C(C)C)C)C(=O)C(C)C(C(C)C(C)C)C)C)C(C)C)C(C(C)C)C(C(C)C)C(C)C)C(C(C)C)C)C)C)C(C(C)C)C(C)C(C)C(C)C)C)C(C)C(=O)C(C(C)C(C)C)C)C(,1,0.6376051
CC(N)C12CC3CC(CC(C3)C1)C2,CCCCCCCCCCCCCCCCCCCCCCCCCCCCCCCCCCCCCCCCCCCCCCCCCCCCCCCCCCCCCCCCCCCCCCCCCCCCCCCCCCCCC(=O)C(=O)CCCCCCCC(=O)CCCCCCCCCCCCCCCCCCCCCCCCCCCCCCCCCCCCCCCCCCCCCCCCCCCCCCCCCCCCCCCCCCCCCCCCCCCCCCCCCCCCCCCCCCCCC,0,0.4110822
NC12CC3CC(CC(C3)C1)C2,CCCCCCCCCCCCCCCCCCCCCC(=O)CCCCCC(C)CCCCCCCCCCCCCCCCCCCCCCCCCCCCCCCCCCCCCCCCCCCCCCCCCC(=O)CCCCCCCCCCCCCCCCCCCCCCCCCCCCCCCCCCCCCCCCCCCCCCCCCCCCCCCCCCCCCCCCCCCCCCCCCCCCCCCCCCCCCCCCCCCCCCCCCCCCCCCCCCCCCC,1,0.79941106
C[C@H](O)C1C(=O)N2C(C(=O)O)=C(S[C@@H]3CN[C@H](C(=O)N(C)C)C3)[C@H](C)C12,CC(C)C(=O)NC(=O)NC(C(=O)NC(=O)N)NC(C(=O)N)N)NC(C(=O)N)NC(C(C(=O)N)N)N)N)C(C(C(C(=O)N)N)N)C(C(=O)N)N)N)N)C(C(C(C(C(=O)N)N)N)C(C(C(=O)C(C(=O)N)N)C(=O)N)N)C(C(=O)N)C(C(=O)N)N)N)C(C(C(=O)N)C(C(C(=O)N)N)N,0,0.18440427
C[C@@H](O)[C@H]1C(=O)N2C(C(=O)O)=C(S[C@@H]3CN[C@H](CNS(N)(=O)=O)C3)[C@H](C)[C@H]12,CC(=O)NC(C(=O)NC(=O)NC(=O)NC(=O)NC(=O)N)NC(=O)NC(=O)NC(=O)NC(=O)NC(=O)NC(=O)NC(=O)N)NC(=O)N)NC(C(C(=O)N)N)N)NC(=O)NC(C(=O)NC(=O)NC(=O)NC(=O)N)N)N)NC(=O)NC(=O)NC(=O)NC(C(=O)N)NC(=O)NC(C(=O)NC(=O)N)N)N,0,0.034874707
CC(=O)Nc1ccc(OCC(O)CNCCc2ccc(O)c([125I])c2)cc1,CCCCCCCCCCCCCCCCCCCCCCCCCCCCCCCC(=O)C(=O)C(C)C(C)O)C(C(C)O)O)C(C(C(=O)O)O)O)O)C(C(C(C(C(C(=O)O)O)O)O)O)O)O)O,0,0.058106847
CC(=O)Oc1ccccc1C(=O)Nc1ncc([N+](=O)[O-])s1,CC(=O)NC(C(=O)NC(=O)NC(=O)NC(=O)NC(=O)N)NC(=O)NC(=O)NC(=O)NC(=O)NC(=O)NC(=O)NC(=O)N)NC(=O)N)NC(=O)NC(=O)NC(=O)NC(C(=O)N)NC(=O)N)NC(=O)NC(=O)N)NC(=O)NC(=O)N)NC(=O)NC(=O)NC(=O)NC(=O)NC(=O)NC(=O)NC(=O)N,0,0.0558467
CC(C)(C)NCC(O)COc1ccccc1C1CCCC1,CCCCCCCCCCCCCCCCCCCCCCCCCCCCCCCC(=O)C(=O)C(C)C(C)O)C(C(C)O)O)C(C(C(=O)O)O)O)O)C(C(C(C(C)O)O)O)O,0,0.0712009
CCCCC(F)(F)[C@@]1(O)CC[C@H]2[C@@H](CC(=O)[C@@H]2CCCCCCC(=O)O)O1,CCCCCCCCCCCCCCCCCCCCCCCCCCCCCCCC(=O)CCCC(=O)CCCCCCCCCCCCCCCCCCCCCCCCCCCCCCCCCCCCCCCCC(=O)CCCCCCCCCCCCCCCCCCCCCCCCCCCCCCCCCCCCCCCCCCCCCCCCCCCCCCCCCCCCCCCCCCCCCCCCCCCCCCCCCCCCCCCCCCCCCCCCCCCCCCCCCCCCCC,0,0.6698999
Cc1onc(-c2c(Cl)cccc2Cl)c1C(=O)NC1C(=O)N2C1SC(C)(C)C2C(=O)[O-],CC(=O)NC(C(=O)NC(=O)NC(=O)NC(=O)NC(=O)N)NC(=O)NC(=O)NC(=O)NC(=O)NC(=O)NC(=O)NC(=O)N)N)NC(C(C(=O)N)NC(=O)N)N)NC(=O)NC(C(=O)NC(=O)NC(=O)NC(=O)N)N)N)NC(C(=O)N)NC(=O)NC(=O)NC(C(=O)N)NC(C(C(=O)N)N)N)N)NC(,0,0.16858819
Cc1onc(-c2c(F)cccc2Cl)c1C(=O)NC1C(=O)N2C1SC(C)(C)C2C(=O)O,CC(=O)NC(C(=O)NC(=O)NC(=O)NC(=O)NC(=O)N)NC(=O)NC(=O)NC(=O)NC(=O)NC(=O)NC(=O)NC(=O)N)N)NC(C(=O)NC(=O)N)NC(=O)NC(=O)NC(C(=O)NC(=O)NC(=O)N)NC(=O)N)N)NC(=O)NC(=O)NC(=O)NC(=O)NC(=O)N)NC(C(=O)N)NC(=O)NC(=O,0,0.16083764
Cn1cnc([N+](=O)[O-])c1Sc1ncnc2nc[nH]c12,CC(=O)NC(C(=O)NC(=O)NC(=O)NC(=O)NC(=O)N)NC(=O)NC(=O)NC(=O)NC(=O)NC(=O)NC(=O)NC(=O)N)NC(=O)N)NC(=O)NC(=O)NC(=O)NC(=O)NC(=O)NC(=O)NC(=O)NC(=O)N)NC(=O)NC(=O)N)NC(=O)NC(=O)NC(=O)NC(=O)NC(=O)NC(=O)NC(=O)N,0,0.044589814
OC(Cn1cncn1)(Cn1cncn1)c1ccc(F)cc1F,CN(C)c1cccccccccccccccccccccccc2)ccccccccccccccc1,1,0.94207567
CC(C)OC(=O)CCCC=CCC1C(O)CC(O)C1CCC(O)CCc1ccccc1,CCCCCCCCCCCCCCCCCCCCCCCCCCCCCCCCCCCCCCCCCCCCCCCCCCCCCCCCCCCCCCCCCCCCCCCCCCCCCCCCCCCCCCCCCCCCCCCCCCCCCCCCCCCCCCCCCCCCCCCCCCCCCCCCCCCCCCCCCCCCCCCCCCCCCCCCCCCCCCCCCCCCCCCCCCCCCCCCCCCCCCCCCCCCCCCCCCCCCCC,0,0.090648934
COc1cc(Br)c(C[N+]2(CCOCCC3CCC4CC3C4(C)C)CCOCC2)cc1OC,CCCCCCC(C)C(=O)CCC(=O)C(C)O)C(C)C(C)O)C(C(C)O)OC(C)C)OC(C)C)C(C(C)O)C)C(=O)C(C)C(C)O)C(C(C)C(=O)O)O,0,0.27836514
CN(CCOc1ccc(NS(C)(=O)=O)cc1)CCc1ccc(NS(C)(=O)=O)cc1,CC(C)C(=O)NC(=O)NC(C(=O)NC(=O)N)NC(C(=O)N)N)NC(C(=O)N)C(C(C(=O)N)N)N)C(C(=O)N)C(C(C(=O)N)C(C(=O)N)N)N)N)C(C(=O)N)C(C(C(=O)N)N)C(C(=O)N)C(C(=O)C(C(C(=O)N)N)N)C(=O)C(C(C(C(=O)N)N)N)N)C(C(C(=O)N)C(=O)C(,0,0.13148144
Cc1ccccc1N1C(=O)c2cc(S(N)(=O)=O)c(Cl)cc2NC1C,CNc1ccccccccccccccccccccccccc(C(C(=O)c1)c1,1,0.72813547
CCCSc1ccc2nc(NC(=O)OC)[nH]c2c1,CC(=O)NC(C(=O)NC(=O)NC(=O)NC(=O)NC(=O)N)NC(=O)NC(=O)NC(=O)NC(=O)NC(=O)NC(=O)NC(=O)N)NC(=O)N)NC(=O)NC(=O)NC(=O)NC(C(=O)N)NC(=O)N)NC(=O)NC(=O)N)NC(=O)NC(=O)N)NC(=O)NC(=O)NC(=O)NC(=O)NC(=O)NC(=O)NC(=O)N,0,0.14999452
C[C@]12CC[C@H](O)CC1=CC[C@@H]1[C@@H]2CC[C@]2(C)C(c3cccnc3)=CC[C@@H]12,CCCCCCCCCCCCCCCCCCCCCCCCCCCCCCCCCCCCCCCC(=O)CCCCC1CCCCCCCCCCCCCCCCCCCCCCCCCCCCCCCCCCC(=O)CCCCCCCCCCCCCCCCCCCCCCCCCCCCCCCCCCCCCCCCCCCCCCCCCCCCCCCCCCCCCCCCCCCCCCCCCCCCCCCCCCCCCCCCCCCCCCCCCCCCCCCCCCCCCC,0,0.770026
C#CC1(O)CCC2C3CCC4=Cc5oncc5CC4(C)C3CCC21C,CCCCCCCCCCCCCCCCCCCCCCCCCCCCCCCCCCCCCCCCCCCCCCCCCCCCCCCCCCCCCCCCCCCCCCCCCCCCCCCCCCCCCCCCCCCCCCCCCCCCCCCCCCCCCCCCCCCCCCCCCCCCCCCCCCCCCCCCCCCCCCCCCCCCCCCCCCCCCCCCCCCCCCCCCCCCCCCCCCCCCCCCCCCCCCCCCCCCCCC,0,0.35508168
NC(=O)N1c2ccccc2CC(=O)c2ccccc21,CC(C)c1cccccccccccccccccccccccc2)ccccccccccccccc1,1,0.93108505
O=C(O[C@@H]1C[N+]2(CCCOc3ccccc3)CCC1CC2)C(O)(c1cccs1)c1cccs1,CCCCCCC(C)C(=O)C(C)O)C(C(=O)O)O)C(C(C)O)O,0,0.34108737
COc1cc2c(Nc3ccc(Br)cc3F)ncnc2cc1OCC1CCN(C)CC1,CN(C)c1cccccccccccccccccccccccc2)cccccc1,1,0.93497646
CCOC(=O)C(CCc1ccccc1)NC1CCCN2CCCC(C(=O)O)N2C1=O,CC(C)C(=O)NCCCCCCCCCCCCC(=O)NCCCCCCCCCCC(=O)CCCCC(=O)N)CCCCCCCCCCCCCC(=O)N)CCCCCCCCCC(=O)CCCC(=O)CCCCC(=O)CCCCCCCC(=O)CCCCCCCCCCCC(=O)CC(=O)C(=O)N)C(C(C(CC(=O)N)CCCCC(CCC(C(=O)C(=O)N)CCC(=O)N)CCCCCCC,0,0.8675268
Cc1cccc(Nc2ccncc2S(=O)(=O)NC(=O)NC(C)C)c1,CC(=O)NC(C(=O)NC(=O)NC(=O)NC(=O)NC(=O)N)NC(=O)NC(=O)NC(=O)NC(=O)NC(=O)NC(=O)NC(=O)N)NC(=O)N)NC(=O)NC(=O)N)NC(=O)NC(=O)NC(=O)NC(=O)NC(=O)NC(=O)NC(=O)NC(=O)N)NC(=O)NC(=O)NC(=O)NC(=O)NC(=O)NC(=O)NC(=O)N,0,0.083466835
CC(C)Cn1cnc2c(N)nc3ccccc3c21,CC(C)c1ccccccccccccccccccccccc1,1,0.88170236
N#Cc1ccccc1-c1cc(-c2ccccn2)cn(-c2ccccc2)c1=O,CN(C)c1cccccccccccccccccccccccccccc1,1,0.93016464
Cc1[nH]cnc1CN1CCc2c(c3ccccc3n2C)C1=O,CC(C)c1cccccccccccccccccccc2ccccccccccccccccccccccccccccccccc1,1,0.94477725
Nc1ccn(C[C@@H](CO)OCP(=O)(O)O)c(=O)n1,CC(C)c1cccccccccccccccccccccccc1,1,0.9174353
CNc1ccc(-c2nc3ccc(O)cc3s2)cc1F,CN(C)c1cccccccccccccccccccccccccccc1,0,0.92699444
O=C(Nc1ccc(OC(F)(F)F)cc1)c1sccc1S(=O)(=O)Cc1ccc(Cl)cc1Cl,CN(C)c1cccccccccccccccccccccccc1,0,0.5978007
CCO/N=C(\C(=O)NC1C(=O)N2C(C(=O)O)=C(Sc3nc(-c4cc[n+](C)cc4)cs3)CSC12)c1nsc(NP(=O)([O-])O)n1,CC(=O)NC(C(=O)NC(=O)NC(=O)NC(=O)NC(=O)N)NC(=O)NC(=O)NC(=O)NC(=O)NC(=O)NC(=O)NC(=O)N)NC(=O)N)NC(=O)NC(=O)N)NC(=O)NC(=O)NC(=O)NC(=O)NC(=O)NC(=O)NC(=O)N)NC(C(=O)NC(=O)NC(=O)NC(=O)N)NC(=O)NC(=O)N)NC(=O)N,0,0.026479002
COc1cc2c(cc1OC)C1CC(=O)C(CC(C)C)CN1CC2,CCCCCCC(C)C(C)C(=O)C(C)C(C)O)C(C)C(C)C)C(C)C(C)C)C(C)C(=O)C)C(C)C(C)C)C(=O)C(C)C(C)C(=O)C(C)O)C(C(C)O)C(C)C)C(C)C)O,0,0.64839274
CCOC(=O)Nc1ccc(NCc2ccc(F)cc2)cc1N,CC(C)c1cccccccccccccccccccccccc1,1,0.88250214
CC(=O)OC1C(=O)C2(C)C(O)CC3OCC3(OC(C)=O)C2C(OC(=O)c2ccccc2)C2(O)CC(OC(=O)C(O)C(NC(=O)c3ccccc3)c3ccccc3)C(C)=C1C2(C)C,CC(C)C(=O)NC(C(=O)N)C(C(=O)O)C(C(C(=O)O)O)O)O)O,1,0.13602975
CCOC(=O)C(CCc1ccccc1)NC(C)C(=O)N1C(C(=O)O)CC2CCCC21,CC(C)C(=O)C(C)O)C(C(=O)O)O)OC(C(C(C)O)O)OC(C(C)O)OC(C(C)O)OC(C(C)O)OC)OC(=O)OC(C(C)O)O)OC(C)OC(C)OC(C(=O)O)OC(C(C)OC(C)O)OC(C(C)O)OC(=O)OC(=O)O)O)OC(C(C(C(C(C)O)O)O)OC(C(C(C(C(=O)O)O)O)O)OC(C(C)O)O)O,0,0.5689839
C[C@H](N[C@@H](CCc1ccccc1)C(=O)O)C(=O)N1[C@H](C(=O)O)C[C@@H]2CCC[C@@H]21,CC(C)C(=O)OC(C(=O)O)O)OC(C(C(C)O)O)OC(C(=O)O)O,0,0.43637267
CC(C)CC1C(=O)N2CCCC2C2(O)OC(NC(=O)C3C=C4c5cccc6[nH]c(Br)c(c56)CC4N(C)C3)(C(C)C)C(=O)N12,CC(C)c1cccccccccccccccccccc1,1,0.8152829
CC1(C)N=C(N)N=C(N)N1OCCCOc1cc(Cl)c(Cl)cc1Cl,CC(=O)NC(C(=O)NC(=O)NC(=O)NC(=O)NC(=O)N)NC(=O)NC(=O)NC(=O)NC(=O)NC(=O)NC(=O)NC(=O)N)NC(=O)N)NC(C(C(=O)N)N)N)NC(=O)NC(C(=O)NC(=O)NC(=O)NC(=O)N)N)N)NC(=O)NC(=O)NC(=O)NC(C(=O)N)NC(=O)NC(C(=O)NC(=O)N)N)N,0,0.052416902
COc1ccc(-c2ccc3cc(C(=O)O)ccc3c2)cc1C12CC3CC(CC(C3)C1)C2,CCCCCCCCCCCCCCCCCCCCCCCCCCCCCCCCCCCCCCCCCCCCCCCCCCCCCCCCCCCCCCCCCCCCCCCCCCCCCCCCCCCCC(=O)C(=O)CC(=O)C(=O)C(C)C(=O)O)CC(C(C(C)O)O)C(C)O)C(C)C(C)C)CC(=O)O)CC(C(C)O)O)C(C(C(C)O)O)C(C(C)O)O)C(C(C(C)O)O)O,0,0.35764936
C[C@H](C=C[C@H](C)C(C)(C)O)[C@H]1CC[C@H]2C(=CC=C3C[C@@H](O)C[C@H](O)C3)CCC[C@]12C,CCCCCCCCCCCCCCCCCCCCCCCCCCCCCCCCCCCCCCCCCCCCCCCCCCCCCCCCCCCCCCCCCCCCCCCCCCCCCCCCCCCCCCCCCCCCCCCCCCCCCCCCCCCCCCCCCCCCCCCCCCCCCCCCCCCCCCCCCCCCCCCCCCCCCCCCCCCCCCCCCCCCCCCCCCCCCCCCCCCCCCCCCCCCCCCCCCCCCCC,0,0.07683874
Oc1ccc2c(c1)CC[C@H](c1ccccc1)[C@@H]2c1ccc(OCCN2CCCC2)cc1,CCCCCCC(=O)N1CCCCCCCCCCCCCCCCCCCCCCCCCCCCCCCCCCCCCCCCCCCCCCCCCCCCCCCC(=O)CCCCCCCCCCCC(=O)CCCC(=O)CCCCC(=O)CCCCCCCCCCCCCCCCCCCCCCCCCCCCCCCCCCCCCCCCCCCCCC(=O)CCCCCCCCCCCCCCCCCCCCCCCCCCCCCCCCCCCCCCCCCCC,1,0.907653
CCC1OC(=O)C(C)C(OC2CC(C)(OC)C(O)C(C)O2)C(C)C(OC2OC(C)CC(N(C)C)C2O)C(C)(O)CC(C)CN(C)C(C)C(O)C1(C)O,CC(C)C(=O)C(C)O)C(C(=O)O)O)C(C(C(C)O)O)O)C(C(C(C)O)O)OC(C(C)OC(C)O)OC)O,1,0.5728914
Nc1ccn(C2CSC(CO)O2)c(=O)n1,CN(C)c1cccccccccccccccccccccccc2)ccccccccccccccc1,1,0.9279224
Nc1nc(=O)n([C@@H]2CS[C@H](CO)O2)cc1F,CN(C)c1cccccccccccccccccccccccc2)ccccccccccccccc1,1,0.9357273
Cc1oncc1C(=O)Nc1ccc(C(F)(F)F)cc1,CN(C)c1cccccccccccccccccccccccccccc1,1,0.882776
CCCc1nc(C(C)(C)O)c(C(=O)OCc2oc(=O)oc2C)n1Cc1ccc(-c2ccccc2-c2nn[nH]n2)cc1,CC(C)NC(=O)NC(=O)NC(=O)NC(C(=O)N)NC(=O)N)NC(C(C(=O)N)N)NC(C(=O)N)N)NC(=O)N)NC(C(=O)N)N)N)C(C(=O)N)NC(C(C(C(C(C(=O)N)N)N)N)N)N)C(C(=O)N)C(C(=O)N)N)C(=O)N)C(=O)N)C(C(C(C(C(=O)N)N)N)N)C(C(C(=O)N)C(=O)N),0,0.074784994
C[C@@H](NCCCc1cccc(C(F)(F)F)c1)c1cccc2ccccc12,CCCCCCC(=O)N1CCCCCCCCCCCCCCCCCCCCCCCCCCCCCCCCCCCCCCCCCCCCCCCCCCCCCCCCCCCC(=O)CCCCCCCC(=O)CCCC(=O)CCCCC(=O)CCCCCCCC(=O)CCCCCCCCCCCC(=O)CC(=O)CCCCC(=O)C(=O)C(=O)CCCCCCCCCCCCCC(=O)CCCCCCCCCCCCCC(=O)CCCC,0,0.7697109
CC(C)CC(N(C)C)C1(c2ccc(Cl)cc2)CCC1,CC(C)C(C)C(=O)C(C)C(C)C(=O)O)C(C(C)O)C(C)C)C(C)C)C(C)C(C)C(C)C)C)C(C)C)C(=O)C(C(C)C)C(C)C(C)C)C(C)C(C)C)C)C)C(C)C)C(C(=O)C(C)C)C)C(C)C(C)C)C(C)C)C(C(C)C(C(=O)C)C)C(C)C(C)C)C)C(C)C(=O)C(C)C(C)C)C)C(C),0,0.6495867
CCCCCCCC(=O)NC(CN1CCCC1)C(O)c1ccc2c(c1)OCCO2,CCCCCCCCCCCCCCCCCCCCCCCCCCCCCCCC(=O)C(=O)C(C)C(C)O)C(C(C)O)O)C(C(C)O)C(C(=O)O)O)O,1,0.06914095
Cc1ccc(Cl)c(Nc2ccccc2C(=O)[O-])c1Cl,CC(C)NC(=O)NC(C(=O)N)NC(C(C(=O)N)N)N)N)NC(C(C(C(=O)N)N)N)N)NC(C(C(=O)N)C(=O)N)N)C(C(C(C(C(=O)N)N)N)N)N)C(C(C(C(=O)N)N)C(C(C(=O)N)N)N)N)C(C(=O)C(C(C(=O)N)N)N)N)N)C(C(=O)C(C(C(C(C(C(=O)N)N)N)N)C(C(C(C(,1,0.33355838
O=C([O-])Cc1ccccc1Nc1c(Cl)cccc1Cl,CC(C)c1cccccccccccccccccccccccc1,1,0.78739655
OC(CNCC(O)C1CCc2cc(F)ccc2O1)C1CCc2cc(F)ccc2O1,CCCCCCCCCCCCCCCCCCCCCCCCCCCCCCCCCCCCCCCCCCCCCCCCCCCCCCCCCCCCCCCCCCCCCCCCCCCCCCCCCCCCC(=O)C(=O)C(=O)C(=O)C(C)C(C)C(=O)C(C)C(C)C)C(C(C)O)O)C(C(C)O)O)C(C(C(C(=O)O)O)O)O)C(C(C(C(C(C)O)O)O)O)O)O)O)C(C(C(C,0,0.1014606
O=C(O)[C@@H]1C[C@@H](C2CCCCC2)CN1C(=O)CP(=O)(O)CCCCc1ccccc1,CC(C)C(=O)NCC(C(=O)N)NCC(C(=O)N)C(C(=O)N)C(C(C(C)N)C(=O)N)C(C(=O)N)N)C(C(=O)C(C(=O)N)C(C(C(C(=O)O)O)N)N)C(C(C(C(C)O)N)C(C(=O)C(C(=O)C(C(=O)N)O)C(=O)N)N)C(C(=O)O)C(C(=O)O)C(C(C(C(C(=O)O)N)O)C(C(C(C(C(,0,0.6823517
CCC(=O)OC(OP(=O)(CCCCc1ccccc1)CC(=O)N1CC(C2CCCCC2)CC1C(=O)[O-])C(C)C,CC(C)C(=O)NC(C(=O)N)C(C(C)C(=O)O)N)C(C(C)C(C)C(C)O)C)C(=O)C(C(=O)O)O)C(C(=O)O)O)C(C(C(C)O)O)O)O,1,0.4608057
c1ccc([C@@H]2CCNC[C@H]2COc2ccc3c(c2)OCO3)cc1,CCCCCCC(=O)N1CCCCCCCCCCCCCCCCCCCCCCCCCCCCCCCCCCCCCCCCCCCCCCCCCCCCCCCCCCCC(=O)CCCCCCCC(=O)CCCC(=O)CCCCC(=O)CCCCCCCCCC(=O)CCCCCCCCCC(=O)CC(=O)CCCCC(=O)CCC(=O)C(=O)CCCCCCCCCCCCCC(=O)CCCCCCCCCCCC(=O)CCCC,1,0.81576866
Fc1ccc(C2CCNCC2COc2ccc3c(c2)OCO3)cc1,CCCCCCC(=O)N1CCCCCCCCCCCCCCCCCCCCCCCCCCCCCCCCCCCC(=O)CCCCCCCCCCCCCCCC(=O)C(=O)C(=O)N(=O)CCCCC(=O)N)CCCCC(=O)CCCCCCCCCCCCCCCCCCCCCCCCCCCCCCCCCCCCCCCCCCCC(=O)CCCCCCCCCCCCCCCCCCC(=O)CCCCCCCCCCCC(=O)CCCC,1,0.9174423
OCCOCCN1CCN(C2=Nc3ccccc3Sc3ccccc32)CC1,CC(C)c1ccccccccccccccccccc2)cccccccccc1,1,0.9290921
CC#CCC(C)[C@H](O)C=CC1[C@H](O)C[C@@H]2CC(=CCCCC(=O)O)C[C@H]12,CCCCCCCCCCCCCCCCCCCCCCCCCCCCCCCCCCCCCCCCCCCCCCCCCCCCCCCCCCCCCCCCCCCCCCCCCCCCCCCCCCCCCCCCCCCCCCCCCCCCCCCCCCCCCCCCCCCCCCCCCCCCCCCCCCCCCCCCCCCCCCCCCCCCCCCCCCCCCCCCCCCCCCCCCCCCCCCCCCCCCCCCCCCCCCCCCCCCCCC,0,0.109729424
O=C([NH2+]CC1CCCCN1)c1cc(OCC(F)(F)F)ccc1OCC(F)(F)F,CC(C)c1cccccccccccccccccccccc1,1,0.9156136
C=C(c1ccc(C(=O)O)cc1)c1cc2c(cc1C)C(C)(C)CCC2(C)C,CCCCCCC(C)C(=O)C(C(=O)O)O)O)C(C(C(C(C)O)O)O)O,1,0.06287529
CN1CC(C(=O)NC2(C)OC3(O)C4CCCN4C(=O)C(Cc4ccccc4)N3C2=O)CC2c3cccc4[nH]cc(c34)CC21,CC(C)C(=O)NCCCCCCCCCC(=O)C(=O)C(=O)C(C)O)C(C(C)O)O)C(C(C(C)O)O)O)O)O,1,0.6806145
Cn1c(=O)c2c(ncn2C)n(C)c1=O,CN(C)c1cccccccccccccccccccccccc2)ccccccccccccccc1,1,0.94321704
S=c1nc[nH]c2nc[nH]c12,CC(C)(=O)NC(=O)NC(=O)NC(=O)NC(=O)NC(=O)NC(=O)NC(C(=O)N)NC(C(=O)N)NC(=O)N)N)NC(C(=O)NC(=O)N)NC(C(C(C(=O)N)N)N)N)NC(=O)N)NC(=O)NC(C(=O)NC(=O)NC(C(=O)N)N)N)NC(=O)N)NC(=O)NC(=O)NC(=O)NC(=O)N)NC(=O)NC(=O),0,0.0897286
CNC1C(OC2C(OC3C(O)C(O)C(N=C(N)N)C(O)C3N=C(N)N)OC(C)C2(O)C=O)OC(CO)C(O)C1O,CC(C)C(=O)NC(C(=O)NC(=O)NC(=O)NC(C(=O)O)O)C(C(C(=O)O)O)O)O)O)C(C(C(=O)O)O)O)O,1,0.039463192
CCOc1nc2cccc(C(=O)OC(C)OC(=O)OC3CCCCC3)c2n1Cc1ccc(-c2ccccc2-c2nn[nH]n2)cc1,CN(C)c1cccccccccccccccccccc2ccccccccccccccccccccccccccccccc1,1,0.94206136
NCCCCC(NC(CCc1ccccc1)C(=O)O)C(=O)N1CCCC1C(=O)O,CC(C)C(=O)NCCCCCCC(=O)C(=O)NC(C(=O)C(C)O)C(C(C)O)O)C(C(C(C)O)O)O)O)O,1,0.7170175
CCOC(=O)C(CCc1ccccc1)NC(C)C(=O)N1CCCC1C(=O)O,CC(C)C(=O)C(C)O)C(C(C)O)OC(=O)O)C(C(C)O)OC(C(C)O)OC(C(C)O)O)OC(C)OC(C)OC(=O)OC(C(C)O)O)OC(C)OC(C)OC(C(C)O)O)C(C(C)OC(C)O)C(C)OC(C(=O)OC)OC(=O)O)O)C(=O)O)OC(C(C(C)O)OC(C)O)OC(C(C)OC(C(C(C(C)O)O)O)OC(C,0,0.6542429
C[C@@H](N[C@@H](CCc1ccccc1)C(=O)O)C(=O)N1CCC[C@H]1C(=O)O,CC(C)C(=O)NCCC(C(=O)C(=O)O)O)O)C(C(C(C)O)O)O)O,1,0.49584994
CC(C(=O)O)c1ccc(C(=O)c2ccccc2)s1,CC(C)C(=O)NC(C(=O)N)C(C(=O)O)NC(=O)C(C(C(=O)O)O)O)O)O)O,0,0.27516532
